{"cameraMode":{"drawMode":0,"name":"Shaded","section":"Shading Mode"},"sceneLighting":true,"audioPlay":false,"sceneViewState":{"showFog":true,"showMaterialUpdate":false,"showSkybox":true,"showFlares":true,"showImageEffects":true,"showParticleSystems":true},"in2DMode":false,"pivot":{"x":-0.5334593057632446,"y":0.6960557103157044,"z":-0.7541682124137878},"rotation":{"x":0.23624193668365479,"y":0.006415233016014099,"z":-0.001559087890200317,"w":0.9716786742210388},"size":0.18370023369789124,"orthographic":true}